Timestamp,Source IP Address,Destination IP Address,Source Port,Destination Port,Source Latitude,Source Longitude,Destination Latitude,Destination Longitude,Protocol,Packet Length,Packet Type,Traffic Type,Anomaly Scores,Attack Type,Attack Signature,Action Taken,Severity Level,User Information,Device Information,Network Segment,Geo-location Data,Log Source
2022-01-08 12:20:00,196.71.113.100,82.48.172.177,57422,2685,,,,,ICMP,840,Control,HTTP,59.79393669,DDoS,Known Pattern A,Logged,Medium,Cynthia Dickson,"Mozilla/5.0 (Macintosh; Intel Mac OS X 10_9_9 rv:5.0; hne-IN) AppleWebKit/535.28.7 (KHTML, like Gecko) Version/4.1 Safari/535.28.7",Segment A,,Firewall
2022-09-19 22:10:00,64.111.165.5,72.101.67.8,16795,1769,,,,,UDP,1433,Control,DNS,65.31228784,Malware,Known Pattern A,Blocked,High,Sara Johnston,Mozilla/5.0 (Windows NT 5.01; km-KH; rv:1.9.0.20) Gecko/2014-06-07 03:37:33 Firefox/3.6.7,Segment A,,Server
2020-10-30 03:00:00,82.74.123.1,20.111.149.50,1860,60735,,,,,UDP,628,Control,FTP,52.41719823,Malware,Known Pattern A,Blocked,Low,Morgan Powers,"Mozilla/5.0 (iPod; U; CPU iPhone OS 3_0 like Mac OS X; sv-FI) AppleWebKit/534.22.3 (KHTML, like Gecko) Version/3.0.5 Mobile/8B116 Safari/6534.22.3",Segment A,,Server
2022-04-11 14:36:00,129.92.145.199,54.208.193.4,39158,63955,,,,,ICMP,961,Control,HTTP,74.8410615,Malware,Known Pattern A,Blocked,Medium,David Pineda,Mozilla/5.0 (compatible; MSIE 5.0; Windows 98; Win 9x 4.90; Trident/4.1),Segment A,,Firewall
2020-05-14 14:48:00,182.201.145.186,139.88.7.91,63570,57101,,,,,UDP,1427,Control,DNS,55.57539179,Malware,Known Pattern A,Ignored,Low,Paula Thomas,"Mozilla/5.0 (Windows; U; Windows NT 5.0) AppleWebKit/533.43.1 (KHTML, like Gecko) Version/5.0.1 Safari/533.43.1",Segment C,,Server
2020-11-17 05:56:00,212.167.234.113,29.181.237.203,55343,3433,,,,,ICMP,155,Control,HTTP,74.04717729,Malware,Known Pattern A,Blocked,Low,John Rivas,Mozilla/5.0 (compatible; MSIE 7.0; Windows 95; Trident/3.0),Segment A,,Server
2023-02-04 13:05:00,62.215.236.159,156.93.242.100,45732,6311,,,,,ICMP,1454,Control,HTTP,69.50270045,DDoS,Known Pattern A,Ignored,High,Joseph Abbott,Mozilla/5.0 (compatible; MSIE 9.0; Windows 95; Trident/4.0),Segment B,,Server
2021-03-08 20:13:00,210.163.158.40,108.208.17.201,12284,38819,,,,,TCP,1019,Control,HTTP,41.46154719,DDoS,Known Pattern B,Logged,Medium,Mary Johnson,Mozilla/5.0 (Android 4.3.1; Mobile; rv:10.0) Gecko/10.0 Firefox/10.0,Segment B,,Firewall
2022-08-27 10:28:00,109.76.165.29,45.15.128.243,55886,40188,,,,,ICMP,572,Data,HTTP,16.67870815,DDoS,Known Pattern A,Ignored,High,Heather Gregory,Opera/9.19.(Windows NT 10.0; bg-BG) Presto/2.9.172 Version/10.00,Segment B,,Firewall
2020-04-13 01:02:00,71.49.248.51,56.196.106.196,7265,18568,,,,,TCP,839,Control,FTP,35.95727765,Malware,Known Pattern B,Blocked,High,Kenneth Wyatt,"Mozilla/5.0 (Linux; Android 4.0.4) AppleWebKit/534.2 (KHTML, like Gecko) Chrome/15.0.821.0 Safari/534.2",Segment C,,Server
2020-06-11 03:49:00,28.246.129.51,215.210.61.23,17850,54707,,,,,ICMP,98,Data,HTTP,56.81888769,Malware,Known Pattern A,Logged,Medium,Kenneth Nelson,Opera/8.52.(X11; Linux x86_64; gez-ER) Presto/2.9.173 Version/10.00,Segment A,,Firewall
2024-04-05 08:39:00,95.103.213.160,179.57.231.81,63678,20769,,,,,ICMP,269,Control,HTTP,56.61456496,Malware,Known Pattern A,Logged,Low,Amanda Green,"Mozilla/5.0 (iPod; U; CPU iPhone OS 3_2 like Mac OS X; sl-SI) AppleWebKit/532.19.6 (KHTML, like Gecko) Version/3.0.5 Mobile/8B118 Safari/6532.19.6",Segment A,,Firewall
2020-04-07 23:45:00,56.242.172.53,70.181.125.45,38194,29693,,,,,TCP,1168,Control,HTTP,51.39084514,DDoS,Known Pattern A,Logged,Low,Alexis Davis,"Mozilla/5.0 (iPad; CPU iPad OS 14_2 like Mac OS X) AppleWebKit/535.0 (KHTML, like Gecko) FxiOS/10.9y1523.0 Mobile/03R974 Safari/535.0",Segment A,,Firewall
2022-10-04 09:19:00,16.155.87.32,116.94.158.209,22962,7396,,,,,TCP,1475,Data,FTP,29.23052551,Malware,Known Pattern B,Ignored,Medium,Anna Meadows,Mozilla/5.0 (Windows 98; Win 9x 4.90; ro-RO; rv:1.9.1.20) Gecko/2014-09-02 16:18:57 Firefox/4.0,Segment C,,Firewall
2021-07-15 16:27:00,212.21.50.177,167.129.142.42,48191,63187,,,,,ICMP,1089,Control,HTTP,49.28703981,Malware,Known Pattern B,Blocked,Low,Reginald Blackwell,"Mozilla/5.0 (Windows 98) AppleWebKit/531.0 (KHTML, like Gecko) Chrome/58.0.864.0 Safari/531.0",Segment B,,Server
2023-04-16 13:22:00,107.197.92.140,128.39.109.70,61788,28480,,,,,UDP,1085,Data,HTTP,36.80488123,DDoS,Known Pattern B,Logged,Medium,Jessica Porter MD,"Mozilla/5.0 (Macintosh; PPC Mac OS X 10_11_8 rv:3.0; bem-ZM) AppleWebKit/535.2.5 (KHTML, like Gecko) Version/4.0.3 Safari/535.2.5",Segment B,,Server
2020-09-04 04:55:00,62.123.68.237,112.235.68.52,45131,42434,,,,,TCP,1477,Control,FTP,78.01984668,Malware,Known Pattern B,Logged,Medium,Holly Bryant,Mozilla/5.0 (compatible; MSIE 6.0; Windows 95; Trident/4.0),Segment A,,Firewall
2020-09-07 04:50:00,194.157.219.228,98.181.105.244,61263,26658,,,,,UDP,629,Control,FTP,69.4239677,DDoS,Known Pattern A,Logged,High,Robert Mills,"Mozilla/5.0 (X11; Linux x86_64) AppleWebKit/531.0 (KHTML, like Gecko) Chrome/18.0.854.0 Safari/531.0",Segment B,,Firewall
2021-01-26 16:06:00,179.156.73.117,208.114.150.250,17023,19942,,,,,UDP,1193,Data,FTP,60.52106648,DDoS,Known Pattern B,Ignored,Medium,Andrew Hill,Opera/8.14.(Windows NT 5.0; szl-PL) Presto/2.9.181 Version/11.00,Segment B,,Server
2021-02-21 21:14:00,77.15.250.18,205.0.13.160,42090,58001,,,,,UDP,766,Control,HTTP,26.51894438,DDoS,Known Pattern A,Ignored,High,Mrs. Rebecca Burgess,"Mozilla/5.0 (Linux; Android 9) AppleWebKit/536.2 (KHTML, like Gecko) Chrome/39.0.849.0 Safari/536.2",Segment C,,Server
2021-07-02 05:20:49,139.121.219.82,150.186.226.186,2389,39443,,,,,TCP,505,Normal,Data,48.7752565185643,None,Known Pattern A,Logged,High,Jacqueline Jones,Mozilla/5.0 (compatible; MSIE 8.0; Windows NT 10.0; Trident/5.0),Segment B,,Firewall
2024-04-09 23:21:50,4.218.105.143,34.71.39.96,28660,17633,,,,,ICMP,715,Normal,Data,60.3463209975032,Malware,Unknown,Blocked,Medium,Gabrielle Camacho,Mozilla/5.0 (Android 4.2.1; Mobile; rv:55.0) Gecko/55.0 Firefox/55.0,Segment B,,Firewall
2022-05-07 09:49:24,151.29.219.109,3.29.61.248,16770,43620,,,,,UDP,197,Abnormal,VoIP,46.6028842182351,None,Known Pattern B,Logged,Medium,Douglas Thomas,"Mozilla/5.0 (Macintosh; U; Intel Mac OS X 10_7_3 rv:6.0; iu-CA) AppleWebKit/531.17.6 (KHTML, like Gecko) Version/4.1 Safari/531.17.6",Segment C,,Router
2024-04-17 15:11:06,29.5.86.49,112.18.87.212,5764,6982,,,,,TCP,1019,Abnormal,Video,51.4915884652403,None,Known Pattern B,Blocked,Low,Julie Hale,Mozilla/5.0 (X11; Linux i686; rv:1.9.7.20) Gecko/2016-08-09 22:25:50 Firefox/4.0,Segment A,,Router
2023-08-20 16:14:49,1.17.132.128,116.88.168.198,63146,16222,,,,,ICMP,988,Abnormal,VoIP,78.1218859720498,DDoS,Known Pattern A,Blocked,High,Bradley Johnson,Mozilla/5.0 (Windows 98; Win 9x 4.90; yo-NG; rv:1.9.0.20) Gecko/2022-04-05 17:47:52 Firefox/3.8,Segment B,,Firewall
2021-10-05 03:32:45,124.93.152.214,142.77.245.212,32275,28632,,,,,ICMP,1307,Normal,Video,30.2727826666606,DDoS,Unknown,Blocked,Medium,Thomas Sanchez,Mozilla/5.0 (Windows 98; ms-MY; rv:1.9.1.20) Gecko/2015-02-19 18:59:30 Firefox/9.0,Segment A,,Router
2022-10-19 23:07:16,71.81.238.218,79.77.10.89,63834,50452,,,,,UDP,1383,Abnormal,Video,68.8331882357942,DDoS,Unknown,Ignored,High,Sarah Tate,"Mozilla/5.0 (iPad; CPU iPad OS 10_3_4 like Mac OS X) AppleWebKit/536.2 (KHTML, like Gecko) CriOS/61.0.832.0 Mobile/56O704 Safari/536.2",Segment A,,Firewall
2023-04-23 11:46:19,156.214.190.237,163.96.49.42,45801,37149,,,,,TCP,1116,Abnormal,VoIP,40.2537454253509,None,Unknown,Ignored,Low,Curtis Anderson,Opera/8.60.(Windows NT 6.1; mn-MN) Presto/2.9.166 Version/10.00,Segment A,,Firewall
2022-06-11 03:53:21,171.28.59.253,99.135.180.15,35209,64810,,,,,UDP,344,Abnormal,Video,46.6859292894826,Malware,Unknown,Ignored,Low,Jeffrey Gould,"Mozilla/5.0 (Windows; U; Windows 98) AppleWebKit/535.31.6 (KHTML, like Gecko) Version/5.0.3 Safari/535.31.6",Segment C,,Router
2022-10-19 08:13:46,55.58.249.146,87.238.60.38,58778,25537,,,,,ICMP,752,Normal,Video,49.6181014623106,DDoS,Unknown,Logged,Medium,Clifford Logan,Mozilla/5.0 (Android 5.0.2; Mobile; rv:5.0) Gecko/5.0 Firefox/5.0,Segment C,,Router
2023-01-16 18:28:24,112.45.10.62,62.167.54.112,60474,50521,,,,,TCP,973,Normal,Video,76.3663081012778,DDoS,Known Pattern B,Ignored,High,John Mcclure,Mozilla/5.0 (compatible; MSIE 6.0; Windows NT 6.2; Trident/4.1),Segment A,,Server
2022-01-18 21:49:05,189.105.4.1,117.48.152.64,39277,3932,,,,,ICMP,349,Abnormal,VoIP,40.5721592250645,DDoS,Known Pattern B,Blocked,Medium,Claire Thompson,Opera/9.35.(Windows NT 10.0; nb-NO) Presto/2.9.172 Version/11.00,Segment C,,Server
2023-10-17 10:11:25,129.160.35.148,34.193.45.229,15400,37420,,,,,TCP,558,Abnormal,Data,72.4488002575228,Malware,Known Pattern A,Logged,Low,Thomas Castillo,Opera/9.76.(Windows NT 5.0; nhn-MX) Presto/2.9.180 Version/10.00,Segment B,,Server
2021-07-14 11:17:23,40.140.90.177,123.151.32.200,30116,51658,,,,,ICMP,1005,Abnormal,Data,58.6216496439996,None,Unknown,Logged,Medium,Nicole Garrett,"Mozilla/5.0 (X11; Linux i686) AppleWebKit/532.1 (KHTML, like Gecko) Chrome/27.0.835.0 Safari/532.1",Segment A,,Firewall
2024-01-18 21:57:32,162.65.114.243,135.5.153.151,27225,13034,,,,,ICMP,614,Normal,Video,53.4479747708715,Malware,Known Pattern B,Blocked,High,Michael Peterson,Mozilla/5.0 (Android 1.1; Mobile; rv:68.0) Gecko/68.0 Firefox/68.0,Segment A,,Router
2021-07-02 03:50:23,117.220.194.40,159.186.170.168,4772,15388,,,,,ICMP,844,Abnormal,Video,35.2100714352642,None,Unknown,Logged,Medium,Jacqueline Hoover,Opera/8.59.(X11; Linux i686; shs-CA) Presto/2.9.162 Version/10.00,Segment A,,Firewall
2023-02-22 18:12:16,171.72.135.160,130.208.204.33,35496,25364,,,,,TCP,392,Abnormal,Data,72.2758755645584,Malware,Unknown,Blocked,Low,Brandy Jones,"Mozilla/5.0 (Windows; U; Windows NT 5.01) AppleWebKit/532.48.6 (KHTML, like Gecko) Version/5.0.3 Safari/532.48.6",Segment A,,Server
2023-06-25 06:58:43,77.49.106.130,41.164.206.155,56984,31547,,,,,UDP,729,Abnormal,Data,33.9691386558748,DDoS,Known Pattern A,Blocked,Medium,Jamie Lam,"Mozilla/5.0 (X11; Linux i686) AppleWebKit/532.2 (KHTML, like Gecko) Chrome/45.0.872.0 Safari/532.2",Segment A,,Router
2023-06-20 00:26:31,111.96.84.187,215.15.57.124,40746,25379,,,,,TCP,1262,Abnormal,VoIP,40.8952604344198,Malware,Known Pattern A,Blocked,Low,Sarah Odom,Mozilla/5.0 (compatible; MSIE 7.0; Windows 98; Win 9x 4.90; Trident/4.0),Segment A,,Router
2022-08-27 16:06:36,194.141.73.133,60.194.188.204,37084,2404,,,,,UDP,700,Normal,Data,48.5610509578996,Malware,Unknown,Blocked,Medium,Diana Alvarez,Opera/9.88.(Windows NT 5.2; mag-IN) Presto/2.9.162 Version/11.00,Segment A,,Router
2023-03-10 17:26:57,147.174.86.117,117.177.13.190,38227,49723,,,,,ICMP,353,Normal,Data,47.9920272087764,DDoS,Known Pattern A,Logged,Medium,Jeff Wagner,Mozilla/5.0 (X11; Linux i686; rv:1.9.5.20) Gecko/2015-10-29 09:39:21 Firefox/3.6.8,Segment C,,Server
2022-04-08 09:56:04,217.41.167.182,153.39.227.208,10540,34320,,,,,TCP,427,Abnormal,Data,75.8606739279022,DDoS,Unknown,Ignored,Low,George Nelson,"Mozilla/5.0 (Macintosh; U; Intel Mac OS X 10_11_2 rv:2.0; wal-ET) AppleWebKit/534.28.1 (KHTML, like Gecko) Version/5.1 Safari/534.28.1",Segment B,,Firewall
2023-07-30 17:22:26,114.169.71.126,160.142.43.247,56220,58734,,,,,ICMP,541,Abnormal,Data,47.6140997649187,Malware,Known Pattern B,Blocked,High,Kimberly Carrillo,Mozilla/5.0 (compatible; MSIE 7.0; Windows CE; Trident/4.1),Segment C,,Server
2024-04-08 16:39:13,178.46.146.91,45.50.89.208,14241,8907,,,,,UDP,620,Abnormal,VoIP,70.6206472923294,Malware,Known Pattern A,Blocked,Low,Jared Sanford,"Mozilla/5.0 (iPod; U; CPU iPhone OS 4_3 like Mac OS X; ko-KR) AppleWebKit/534.44.7 (KHTML, like Gecko) Version/4.0.5 Mobile/8B116 Safari/6534.44.7",Segment B,,Router
2022-10-19 21:44:24,80.82.79.89,147.213.56.114,43614,2898,,,,,UDP,914,Abnormal,Data,67.3794362656389,Malware,Known Pattern A,Ignored,Medium,Penny Parker,Opera/9.43.(X11; Linux i686; he-IL) Presto/2.9.165 Version/11.00,Segment A,,Router
2023-02-09 23:37:29,128.160.2.18,133.86.225.211,46255,27273,,,,,TCP,56,Abnormal,Video,51.345039401967,None,Unknown,Ignored,High,Debra Smith,Mozilla/5.0 (compatible; MSIE 9.0; Windows CE; Trident/3.0),Segment A,,Router
2022-10-14 06:58:13,66.203.26.13,66.144.121.61,16987,23086,,,,,TCP,46,Normal,Data,43.1810792664688,None,Known Pattern A,Ignored,High,Julie Taylor,Opera/8.60.(X11; Linux i686; mhr-RU) Presto/2.9.176 Version/10.00,Segment B,,Router
2022-03-03 11:11:40,145.204.89.219,108.61.101.205,52444,19966,,,,,UDP,873,Normal,VoIP,64.5239092249923,None,Known Pattern A,Ignored,High,Lisa Rivera,"Mozilla/5.0 (Linux; Android 3.2.4) AppleWebKit/534.0 (KHTML, like Gecko) Chrome/24.0.865.0 Safari/534.0",Segment C,,Firewall
2021-12-03 04:46:25,154.238.80.31,208.87.118.207,14366,57589,,,,,TCP,885,Normal,Data,65.0018812559141,DDoS,Known Pattern B,Ignored,Medium,Dr. Wendy Murphy,Mozilla/5.0 (compatible; MSIE 9.0; Windows NT 5.1; Trident/3.0),Segment A,,Server
2023-03-01 20:46:38,33.112.102.134,8.32.80.109,9080,49337,,,,,ICMP,1068,Normal,Video,67.9085989164203,DDoS,Known Pattern B,Blocked,High,Cynthia Johnson,Opera/9.66.(X11; Linux x86_64; ka-GE) Presto/2.9.184 Version/11.00,Segment A,,Firewall
2023-12-31 23:10:35,117.22.73.218,214.119.91.255,20895,53997,,,,,ICMP,1460,Abnormal,Video,64.0381517939196,Malware,Known Pattern B,Logged,High,Nicolas Johnson,"Mozilla/5.0 (Windows CE) AppleWebKit/531.2 (KHTML, like Gecko) Chrome/15.0.858.0 Safari/531.2",Segment C,,Router
2022-12-18 08:33:57,181.168.191.174,45.198.35.100,13601,4476,,,,,UDP,577,Abnormal,Video,67.2726882795941,Malware,Known Pattern B,Ignored,Low,Lori Anderson,"Mozilla/5.0 (iPhone; CPU iPhone OS 10_3_4 like Mac OS X) AppleWebKit/531.1 (KHTML, like Gecko) CriOS/51.0.842.0 Mobile/82O980 Safari/531.1",Segment C,,Router
2021-08-22 03:44:24,148.92.240.172,119.161.172.177,25571,50609,,,,,UDP,1388,Normal,VoIP,72.6835432885605,None,Unknown,Blocked,Low,Leslie Perez,Mozilla/5.0 (compatible; MSIE 9.0; Windows NT 6.0; Trident/5.1),Segment B,,Firewall
2023-06-01 04:48:27,63.198.188.89,157.230.230.197,36032,21690,,,,,UDP,820,Normal,VoIP,72.9967188081617,None,Known Pattern B,Logged,Low,Amanda Pratt,Mozilla/5.0 (compatible; MSIE 6.0; Windows NT 4.0; Trident/3.0),Segment C,,Router
2023-10-15 03:34:03,70.236.142.255,135.113.89.86,57147,31380,,,,,ICMP,836,Abnormal,Data,55.6289710600531,None,Unknown,Blocked,Medium,Jessica Frye,Mozilla/5.0 (compatible; MSIE 8.0; Windows NT 10.0; Trident/4.1),Segment B,,Router
2022-04-03 18:23:46,211.227.229.159,186.164.21.240,54190,37751,,,,,TCP,200,Abnormal,Video,36.9633757240713,None,Unknown,Ignored,High,Monique Gallagher,Mozilla/5.0 (Windows NT 5.01; ja-JP; rv:1.9.2.20) Gecko/2012-10-21 06:13:04 Firefox/10.0,Segment A,,Router
2022-11-15 07:54:53,155.79.78.201,19.47.101.122,5704,39548,,,,,TCP,817,Normal,Data,63.3726657924527,None,Unknown,Ignored,High,John White,Mozilla/5.0 (compatible; MSIE 7.0; Windows NT 6.2; Trident/3.1),Segment A,,Server
2023-02-06 00:59:13,177.102.179.93,23.10.90.90,49103,11879,,,,,UDP,109,Abnormal,Data,69.4450447497769,None,Known Pattern B,Ignored,Medium,Kenneth Wall,"Mozilla/5.0 (Windows; U; Windows 95) AppleWebKit/531.48.5 (KHTML, like Gecko) Version/4.0.3 Safari/531.48.5",Segment A,,Firewall
2022-04-19 12:22:40,37.93.125.15,142.200.228.147,39881,65135,,,,,UDP,1150,Normal,VoIP,40.9382755103809,None,Known Pattern A,Blocked,High,Michelle Zhang,"Mozilla/5.0 (iPod; U; CPU iPhone OS 3_3 like Mac OS X; af-ZA) AppleWebKit/531.29.7 (KHTML, like Gecko) Version/3.0.5 Mobile/8B113 Safari/6531.29.7",Segment B,,Firewall
2024-03-25 22:27:27,177.42.74.105,206.109.65.88,51816,62633,,,,,ICMP,198,Abnormal,VoIP,43.6828737006667,None,Known Pattern A,Ignored,High,Stephanie Simon,Mozilla/5.0 (compatible; MSIE 5.0; Windows 98; Win 9x 4.90; Trident/3.0),Segment B,,Server
2023-11-18 06:46:06,113.204.59.15,215.70.166.2,49677,61413,,,,,ICMP,668,Normal,VoIP,57.4998667037951,Malware,Unknown,Ignored,Medium,Anthony Davis,Mozilla/5.0 (compatible; MSIE 7.0; Windows NT 4.0; Trident/4.0),Segment B,,Firewall
2022-01-17 00:42:10,84.238.138.56,37.221.49.153,32987,32416,,,,,ICMP,157,Abnormal,Data,75.8006097696479,None,Unknown,Logged,Low,Stacy Jordan,"Mozilla/5.0 (Windows; U; Windows 98; Win 9x 4.90) AppleWebKit/535.40.2 (KHTML, like Gecko) Version/5.0.5 Safari/535.40.2",Segment C,,Server
2022-08-24 15:05:17,7.99.100.175,207.31.28.78,12392,46403,,,,,UDP,1033,Abnormal,VoIP,77.7603017701233,None,Unknown,Blocked,Medium,Kevin Clayton,"Mozilla/5.0 (Macintosh; U; PPC Mac OS X 10_5_6 rv:5.0; gv-GB) AppleWebKit/534.13.4 (KHTML, like Gecko) Version/5.1 Safari/534.13.4",Segment C,,Router
2024-03-18 11:00:32,171.197.160.41,26.114.27.102,27937,10648,,,,,TCP,254,Normal,Data,63.6531769705459,None,Unknown,Blocked,Low,Brittany Wallace,Opera/8.82.(X11; Linux i686; sr-ME) Presto/2.9.188 Version/10.00,Segment C,,Server
2022-06-27 11:20:33,52.157.220.215,223.86.95.77,15705,14135,,,,,TCP,763,Abnormal,Video,55.8635079615625,None,Known Pattern A,Ignored,Medium,Nicole Hamilton,Opera/8.50.(Windows NT 5.1; lb-LU) Presto/2.9.174 Version/12.00,Segment A,,Router
2022-10-17 07:57:33,130.13.51.153,83.167.74.109,42125,64945,,,,,TCP,591,Abnormal,VoIP,40.7595319776222,None,Unknown,Logged,High,Gavin Costa,"Mozilla/5.0 (X11; Linux x86_64) AppleWebKit/535.2 (KHTML, like Gecko) Chrome/40.0.820.0 Safari/535.2",Segment C,,Firewall
2023-12-23 21:26:59,200.61.80.114,59.115.203.131,54243,21910,,,,,TCP,1261,Normal,Data,60.0116671884228,Malware,Unknown,Logged,High,Christina Johnson,"Mozilla/5.0 (Macintosh; PPC Mac OS X 10_7_4 rv:6.0; hne-IN) AppleWebKit/535.43.2 (KHTML, like Gecko) Version/4.0 Safari/535.43.2",Segment B,,Firewall
2022-04-13 09:46:42,209.49.207.167,89.183.94.31,9172,51110,,,,,ICMP,101,Abnormal,VoIP,37.0194803495886,DDoS,Known Pattern B,Blocked,Medium,Wanda Shelton,"Mozilla/5.0 (Macintosh; U; Intel Mac OS X 10_6_8) AppleWebKit/535.1 (KHTML, like Gecko) Chrome/49.0.858.0 Safari/535.1",Segment B,,Server
2021-11-11 21:00:33,81.6.219.240,222.123.228.57,33725,19825,,,,,UDP,1125,Normal,Data,54.4346195082893,DDoS,Known Pattern A,Ignored,High,David Williams,"Mozilla/5.0 (Windows; U; Windows NT 6.1) AppleWebKit/534.22.6 (KHTML, like Gecko) Version/4.0.3 Safari/534.22.6",Segment C,,Router
2023-01-26 03:41:32,16.66.207.141,165.162.64.228,25556,18666,,,,,TCP,299,Abnormal,Data,65.6888461348322,Malware,Unknown,Logged,Medium,Glenn Shea,"Mozilla/5.0 (iPhone; CPU iPhone OS 10_3_4 like Mac OS X) AppleWebKit/533.0 (KHTML, like Gecko) CriOS/37.0.847.0 Mobile/10P871 Safari/533.0",Segment C,,Router
2023-02-26 04:10:20,93.36.64.119,109.153.153.137,39010,47006,,,,,ICMP,1192,Normal,Data,78.4691265112189,DDoS,Known Pattern A,Ignored,Low,Brian Williams,"Mozilla/5.0 (Macintosh; Intel Mac OS X 10_6_3 rv:5.0; fy-DE) AppleWebKit/533.28.4 (KHTML, like Gecko) Version/4.0.2 Safari/533.28.4",Segment B,,Firewall
2022-08-09 03:22:03,64.41.108.230,157.162.130.72,64749,23597,,,,,ICMP,155,Abnormal,Data,39.6110722025084,Malware,Known Pattern B,Blocked,High,Steven White,Mozilla/5.0 (Macintosh; PPC Mac OS X 10_6_4; rv:1.9.5.20) Gecko/2020-05-30 19:45:29 Firefox/5.0,Segment B,,Firewall
2024-06-22 17:17:10,8.45.113.4,131.52.211.111,21868,28184,,,,,ICMP,70,Normal,Data,59.9343436462546,None,Known Pattern B,Logged,High,Timothy Barron,Mozilla/5.0 (compatible; MSIE 8.0; Windows NT 6.1; Trident/5.1),Segment A,,Server
2022-08-21 11:49:15,194.207.78.235,188.144.213.36,7736,1802,,,,,ICMP,72,Normal,Video,71.1619131011014,Malware,Unknown,Logged,Low,Angela Miller,Mozilla/5.0 (compatible; MSIE 5.0; Windows 98; Trident/5.0),Segment C,,Router
2023-02-18 10:14:49,191.16.89.109,156.86.231.11,25837,12352,,,,,UDP,515,Normal,VoIP,37.044370243163,DDoS,Unknown,Ignored,Medium,Renee Bell,Mozilla/5.0 (Android 2.3.1; Mobile; rv:43.0) Gecko/43.0 Firefox/43.0,Segment C,,Firewall
2022-02-28 15:18:48,4.225.106.141,118.15.208.18,27580,17437,,,,,ICMP,1162,Abnormal,Video,59.7812467354691,None,Unknown,Blocked,Low,Cameron Clark,"Mozilla/5.0 (Macintosh; PPC Mac OS X 10_9_6) AppleWebKit/536.0 (KHTML, like Gecko) Chrome/61.0.844.0 Safari/536.0",Segment A,,Server
2023-06-05 16:26:45,35.60.192.86,103.154.175.252,65182,25053,,,,,ICMP,727,Abnormal,Data,48.3776791354686,DDoS,Known Pattern A,Blocked,High,Madison Fox,Mozilla/5.0 (compatible; MSIE 8.0; Windows 95; Trident/4.0),Segment A,,Server
2021-12-14 09:31:57,174.103.72.252,123.17.254.21,58215,58161,,,,,ICMP,1108,Normal,Data,64.2097988959217,DDoS,Known Pattern A,Logged,Medium,Sonya Mccann,Opera/8.90.(Windows NT 5.1; tr-TR) Presto/2.9.187 Version/11.00,Segment C,,Firewall
2024-01-14 21:52:58,4.231.163.191,140.82.169.48,55407,10478,,,,,ICMP,175,Normal,Data,31.1791236807325,Malware,Unknown,Logged,Medium,Amy Jones,"Mozilla/5.0 (Macintosh; PPC Mac OS X 10_6_3 rv:3.0; ne-NP) AppleWebKit/531.6.6 (KHTML, like Gecko) Version/4.0.4 Safari/531.6.6",Segment B,,Server
2024-04-11 16:30:15,43.111.73.6,157.84.212.210,10002,44380,,,,,ICMP,877,Abnormal,Video,51.7857334061717,DDoS,Unknown,Logged,High,Erica Johnson,"Mozilla/5.0 (iPad; CPU iPad OS 9_3_6 like Mac OS X) AppleWebKit/532.2 (KHTML, like Gecko) FxiOS/10.1f4980.0 Mobile/20S225 Safari/532.2",Segment B,,Firewall
2023-12-19 13:27:44,149.169.94.179,90.0.68.12,40612,35714,,,,,TCP,346,Abnormal,VoIP,30.8062614502532,None,Known Pattern A,Blocked,Medium,Marissa Scott,Opera/9.49.(Windows NT 6.1; wa-BE) Presto/2.9.165 Version/10.00,Segment A,,Server
2021-07-22 15:07:13,62.100.43.63,165.21.208.231,61459,29092,,,,,UDP,690,Normal,VoIP,54.2597561512727,None,Unknown,Logged,Medium,Timothy Ortega,"Mozilla/5.0 (iPhone; CPU iPhone OS 4_2_1 like Mac OS X) AppleWebKit/536.0 (KHTML, like Gecko) CriOS/52.0.827.0 Mobile/82O239 Safari/536.0",Segment C,,Server
2022-04-28 08:51:44,46.87.19.98,59.202.211.151,33707,62132,,,,,UDP,1095,Abnormal,Video,53.2943965799935,None,Known Pattern B,Ignored,Low,Vanessa Nash,"Mozilla/5.0 (iPod; U; CPU iPhone OS 4_3 like Mac OS X; doi-IN) AppleWebKit/535.38.3 (KHTML, like Gecko) Version/3.0.5 Mobile/8B118 Safari/6535.38.3",Segment A,,Firewall
2022-05-22 16:20:37,58.90.82.176,219.240.189.20,52898,10845,,,,,UDP,877,Normal,Data,42.4973841115465,DDoS,Unknown,Logged,High,Samuel Lopez,Mozilla/5.0 (compatible; MSIE 9.0; Windows 98; Trident/4.1),Segment A,,Router
2023-05-13 06:41:15,214.109.170.17,3.3.30.102,34480,38051,,,,,TCP,451,Abnormal,Data,41.9238913437717,None,Known Pattern B,Logged,Medium,Lindsey Scott,Mozilla/5.0 (X11; Linux i686; rv:1.9.7.20) Gecko/2017-06-14 07:24:12 Firefox/14.0,Segment B,,Server
2022-11-08 05:05:07,172.16.138.106,185.153.154.249,25857,59589,,,,,UDP,610,Normal,Data,46.186943753762,None,Unknown,Blocked,Low,Alyssa Thompson,Mozilla/5.0 (compatible; MSIE 6.0; Windows NT 5.2; Trident/3.1),Segment A,,Router
2023-05-01 14:31:29,13.3.80.212,38.133.85.0,64505,60593,,,,,TCP,1028,Normal,Video,45.9306948874332,DDoS,Known Pattern A,Blocked,Medium,Morgan Brown,Mozilla/5.0 (compatible; MSIE 8.0; Windows 98; Trident/5.0),Segment C,,Firewall
2021-07-02 19:38:24,183.186.207.221,67.16.244.35,4488,53399,,,,,TCP,587,Abnormal,Video,41.9247007289459,None,Unknown,Blocked,High,Jacqueline Leonard,"Mozilla/5.0 (Windows; U; Windows NT 10.0) AppleWebKit/535.30.1 (KHTML, like Gecko) Version/5.1 Safari/535.30.1",Segment C,,Server
2022-07-23 20:50:30,66.150.30.10,146.71.26.159,52379,14653,,,,,TCP,721,Abnormal,Data,53.1158155625711,DDoS,Known Pattern A,Blocked,Low,Mrs. Leslie Hall MD,Opera/9.71.(X11; Linux i686; be-BY) Presto/2.9.188 Version/12.00,Segment C,,Firewall
2024-03-19 20:29:38,96.70.184.188,79.199.7.148,13687,51534,,,,,UDP,571,Normal,Video,42.1248816247233,None,Known Pattern B,Ignored,Low,Erin Young,"Mozilla/5.0 (X11; Linux i686) AppleWebKit/536.2 (KHTML, like Gecko) Chrome/19.0.873.0 Safari/536.2",Segment B,,Firewall
2023-09-05 22:47:57,3.69.131.231,2.254.8.202,22797,34394,,,,,TCP,202,Abnormal,Video,40.0901536993592,Malware,Unknown,Logged,Low,Claudia Sloan,Mozilla/5.0 (Windows 98; Win 9x 4.90; ca-AD; rv:1.9.2.20) Gecko/2014-08-28 20:59:23 Firefox/3.8,Segment A,,Firewall
2022-12-11 15:27:24,80.66.208.35,60.21.81.213,55139,46886,,,,,UDP,801,Abnormal,Video,65.4640410085969,DDoS,Known Pattern B,Ignored,High,Isabella Cunningham,Opera/8.91.(Windows NT 4.0; raj-IN) Presto/2.9.166 Version/11.00,Segment B,,Server
2024-03-30 10:41:00,134.169.174.221,98.225.205.100,13937,39575,,,,,UDP,401,Normal,Video,51.3284546413237,DDoS,Known Pattern B,Blocked,High,Derek Wright,Mozilla/5.0 (compatible; MSIE 8.0; Windows NT 6.2; Trident/3.1),Segment B,,Firewall
2022-06-02 00:33:02,223.232.180.172,16.85.103.22,17801,8043,,,,,UDP,1129,Normal,Video,48.9002884718575,DDoS,Known Pattern B,Logged,High,Terry Martinez,"Mozilla/5.0 (iPod; U; CPU iPhone OS 4_0 like Mac OS X; kl-GL) AppleWebKit/531.15.4 (KHTML, like Gecko) Version/4.0.5 Mobile/8B114 Safari/6531.15.4",Segment A,,Firewall
2022-12-16 06:49:32,77.58.51.96,76.120.93.115,22447,17020,,,,,UDP,791,Normal,Video,31.0703407293439,None,Known Pattern B,Logged,Medium,Shannon Lee,Mozilla/5.0 (compatible; MSIE 6.0; Windows CE; Trident/5.1),Segment B,,Router
2021-10-28 02:16:04,107.1.45.56,49.76.9.144,1057,43722,,,,,UDP,428,Normal,Data,64.8436265054616,Malware,Known Pattern B,Logged,Medium,Amy White,Opera/9.67.(Windows NT 6.0; raj-IN) Presto/2.9.166 Version/11.00,Segment B,,Router
2021-10-16 11:31:18,155.236.137.198,115.236.179.104,13615,34724,,,,,UDP,1000,Abnormal,VoIP,73.3316425904187,None,Unknown,Ignored,Low,Kelsey Jordan,"Mozilla/5.0 (iPhone; CPU iPhone OS 4_2_1 like Mac OS X) AppleWebKit/535.1 (KHTML, like Gecko) CriOS/18.0.882.0 Mobile/83T104 Safari/535.1",Segment B,,Firewall
2022-10-13 06:28:17,62.148.113.96,108.141.141.24,49478,16680,,,,,ICMP,1315,Normal,VoIP,48.2503539739262,DDoS,Known Pattern A,Blocked,High,Cathy Doyle,Opera/8.42.(Windows NT 4.0; ckb-IQ) Presto/2.9.170 Version/12.00,Segment A,,Server
2023-01-09 05:59:11,68.47.237.2,170.232.160.68,8502,26974,,,,,ICMP,1101,Abnormal,VoIP,74.78075565826,None,Unknown,Logged,Medium,Mark Dean,"Mozilla/5.0 (Macintosh; U; PPC Mac OS X 10_12_9 rv:3.0; yi-US) AppleWebKit/533.31.7 (KHTML, like Gecko) Version/5.0.2 Safari/533.31.7",Segment A,,Server
2023-02-19 20:14:41,70.161.178.147,114.68.146.219,53662,49756,,,,,TCP,95,Normal,Data,40.7260017202536,DDoS,Known Pattern A,Blocked,Medium,Tommy Crane,"Mozilla/5.0 (iPod; U; CPU iPhone OS 3_3 like Mac OS X; mg-MG) AppleWebKit/533.44.7 (KHTML, like Gecko) Version/3.0.5 Mobile/8B119 Safari/6533.44.7",Segment B,,Firewall
2024-02-08 11:32:03,39.133.53.189,60.143.134.198,7299,52850,,,,,TCP,693,Normal,Video,66.1650240702527,Malware,Known Pattern B,Blocked,Low,Jeremy Smith,Mozilla/5.0 (compatible; MSIE 8.0; Windows NT 10.0; Trident/5.0),Segment A,,Server
2023-07-19 17:34:34,112.74.109.79,181.20.147.193,57182,62546,,,,,UDP,610,Normal,Video,76.461364033855,Malware,Unknown,Blocked,High,Faith Vasquez,Opera/8.69.(X11; Linux x86_64; nb-NO) Presto/2.9.169 Version/11.00,Segment A,,Router
2022-09-07 05:45:18,167.96.178.109,213.145.158.204,49977,62944,,,,,UDP,1473,Normal,Video,62.7650897045832,DDoS,Known Pattern A,Logged,Low,Mary Holland,Mozilla/5.0 (Macintosh; Intel Mac OS X 10_10_5; rv:1.9.4.20) Gecko/2011-06-09 16:04:33 Firefox/3.8,Segment C,,Router
2023-11-21 21:19:34,39.54.230.155,54.155.160.75,19798,30400,,,,,UDP,624,Normal,Data,58.4137507897744,None,Known Pattern A,Ignored,Medium,Audrey Walter,"Mozilla/5.0 (iPod; U; CPU iPhone OS 4_3 like Mac OS X; hu-HU) AppleWebKit/531.7.4 (KHTML, like Gecko) Version/3.0.5 Mobile/8B112 Safari/6531.7.4",Segment A,,Server
2022-08-25 08:35:13,32.122.246.222,88.175.244.86,61673,7682,,,,,TCP,514,Abnormal,VoIP,61.9757659241291,Malware,Known Pattern B,Ignored,Medium,Madeline Martinez,Mozilla/5.0 (Macintosh; PPC Mac OS X 10_11_7; rv:1.9.3.20) Gecko/2015-02-26 21:33:59 Firefox/3.6.6,Segment C,,Router
2021-06-29 08:09:36,149.160.62.198,219.212.113.89,42275,28163,,,,,UDP,712,Normal,Video,56.5600072185866,Malware,Known Pattern B,Blocked,High,Melissa Ramirez,Opera/8.75.(Windows 98; Win 9x 4.90; ber-DZ) Presto/2.9.172 Version/10.00,Segment A,,Server
2024-05-16 21:26:23,46.138.75.89,51.130.147.77,28856,35529,,,,,UDP,1064,Normal,VoIP,46.7731313493299,DDoS,Unknown,Logged,High,Caitlin Hunter,Mozilla/5.0 (compatible; MSIE 6.0; Windows NT 5.0; Trident/3.1),Segment C,,Firewall
2023-05-09 23:39:21,48.179.118.4,109.12.252.119,32951,10133,,,,,TCP,952,Normal,Video,56.4566972857872,Malware,Unknown,Ignored,Low,Melissa Brooks,Opera/8.46.(X11; Linux x86_64; eo-US) Presto/2.9.160 Version/12.00,Segment A,,Server
2022-03-17 01:36:52,149.229.253.120,68.43.28.123,63015,51980,,,,,TCP,1492,Normal,Video,58.5518684670016,DDoS,Unknown,Blocked,High,Sharon George,Mozilla/5.0 (Macintosh; PPC Mac OS X 10_12_5; rv:1.9.2.20) Gecko/2013-01-16 21:21:16 Firefox/7.0,Segment C,,Server
2023-09-22 08:28:31,211.158.208.55,32.84.216.255,40934,52382,,,,,ICMP,471,Abnormal,VoIP,59.1790744595688,Malware,Unknown,Logged,Medium,Anthony Richards,Mozilla/5.0 (Macintosh; Intel Mac OS X 10_10_8; rv:1.9.6.20) Gecko/2020-08-03 16:05:53 Firefox/3.6.9,Segment C,,Server
2023-02-23 20:57:31,166.9.89.122,222.175.98.155,32498,35759,,,,,UDP,1060,Normal,VoIP,49.8982598186357,DDoS,Known Pattern A,Ignored,High,Julie Gallagher,"Mozilla/5.0 (Windows; U; Windows NT 5.2) AppleWebKit/531.33.6 (KHTML, like Gecko) Version/4.1 Safari/531.33.6",Segment A,,Router
2022-02-07 12:46:43,133.168.8.33,187.215.23.94,43534,50906,,,,,TCP,966,Abnormal,VoIP,67.542706298282,None,Unknown,Ignored,Medium,Jimmy Guerrero,Opera/8.38.(Windows NT 6.1; os-RU) Presto/2.9.190 Version/11.00,Segment B,,Firewall
2022-08-11 08:33:03,64.10.137.176,140.78.250.45,3591,28685,,,,,UDP,841,Normal,VoIP,38.6383664851542,None,Known Pattern B,Ignored,Medium,Catherine Boyle,"Mozilla/5.0 (Windows; U; Windows NT 4.0) AppleWebKit/535.24.2 (KHTML, like Gecko) Version/5.0.2 Safari/535.24.2",Segment B,,Firewall
2023-12-31 09:54:18,3.182.93.11,217.245.142.162,21451,18693,,,,,TCP,1306,Abnormal,Video,72.1944958296535,Malware,Unknown,Blocked,Medium,Jennifer Page,"Mozilla/5.0 (Macintosh; U; PPC Mac OS X 10_8_7 rv:5.0; ayc-PE) AppleWebKit/531.45.2 (KHTML, like Gecko) Version/4.1 Safari/531.45.2",Segment C,,Router
2022-09-06 16:21:45,193.3.109.207,31.113.9.41,53421,33919,,,,,UDP,587,Normal,Video,48.6960703540775,Malware,Known Pattern A,Logged,High,Amber Morris,Mozilla/5.0 (compatible; MSIE 9.0; Windows NT 6.2; Trident/5.0),Segment A,,Firewall
2023-07-29 16:34:36,22.42.86.251,112.254.156.237,13349,11180,,,,,TCP,227,Normal,VoIP,72.3968237986826,Malware,Known Pattern A,Blocked,Low,Sarah White,"Mozilla/5.0 (Windows; U; Windows 98; Win 9x 4.90) AppleWebKit/533.26.1 (KHTML, like Gecko) Version/5.0.1 Safari/533.26.1",Segment C,,Firewall
2023-04-05 06:58:56,198.44.150.110,100.148.80.80,14042,50310,,,,,UDP,393,Normal,Video,66.740356073028,Malware,Unknown,Logged,Low,Michael Rodriguez,"Mozilla/5.0 (Macintosh; PPC Mac OS X 10_6_0 rv:3.0; yo-NG) AppleWebKit/534.45.2 (KHTML, like Gecko) Version/5.0.2 Safari/534.45.2",Segment A,,Server
2023-11-21 18:20:05,177.52.149.71,185.96.220.107,50444,12404,,,,,UDP,613,Normal,Video,79.0121047707256,None,Unknown,Ignored,Medium,Zachary Lee,Mozilla/5.0 (compatible; MSIE 9.0; Windows NT 6.0; Trident/3.1),Segment B,,Server
2023-07-29 02:49:18,24.1.178.71,214.199.85.213,15916,33731,,,,,UDP,526,Abnormal,Video,40.6696644473512,DDoS,Known Pattern A,Logged,High,Christina Gonzales,Mozilla/5.0 (compatible; MSIE 8.0; Windows 98; Win 9x 4.90; Trident/4.1),Segment C,,Router
2022-09-07 18:53:57,96.51.36.103,41.174.249.151,23155,47234,,,,,UDP,539,Normal,VoIP,38.2186183242895,DDoS,Unknown,Blocked,Medium,Jonathan Holland,Mozilla/5.0 (Android 4.4.2; Mobile; rv:51.0) Gecko/51.0 Firefox/51.0,Segment A,,Server
2024-03-06 00:05:23,183.237.135.148,9.74.89.44,62674,17518,,,,,UDP,425,Normal,Video,40.1699076287931,DDoS,Unknown,Logged,Medium,James Kelly,Mozilla/5.0 (X11; Linux i686; rv:1.9.7.20) Gecko/2014-01-08 19:46:25 Firefox/11.0,Segment B,,Server
2023-04-28 15:47:01,9.74.130.198,202.228.125.173,22790,18263,,,,,TCP,1335,Normal,Data,68.3014625840533,None,Unknown,Ignored,Medium,Rita Flores,Opera/9.32.(Windows NT 5.1; shs-CA) Presto/2.9.170 Version/10.00,Segment C,,Firewall
2023-09-30 19:46:06,170.66.32.149,199.179.50.113,20557,37466,,,,,TCP,1284,Abnormal,Video,61.0838488052148,None,Unknown,Ignored,Low,Jennifer Thomas,"Mozilla/5.0 (Windows 98) AppleWebKit/531.2 (KHTML, like Gecko) Chrome/30.0.858.0 Safari/531.2",Segment A,,Server
2023-09-01 14:32:57,213.70.66.49,22.75.156.79,39700,35643,,,,,ICMP,1095,Normal,VoIP,73.5230377835353,DDoS,Unknown,Ignored,Low,Amy Richardson,Mozilla/5.0 (compatible; MSIE 6.0; Windows NT 5.0; Trident/3.0),Segment B,,Router
2023-03-30 10:32:28,13.169.235.205,97.35.31.192,59371,26177,,,,,UDP,465,Normal,Data,41.6059023504906,Malware,Known Pattern A,Logged,High,Jeffrey Rios,Mozilla/5.0 (Windows NT 10.0; pt-PT; rv:1.9.2.20) Gecko/2015-06-17 03:51:30 Firefox/3.8,Segment B,,Firewall
2022-04-22 17:15:25,220.182.150.217,57.238.69.160,61508,42479,,,,,UDP,572,Abnormal,Data,31.4040324357004,DDoS,Unknown,Ignored,Low,Wayne Davis,Mozilla/5.0 (compatible; MSIE 7.0; Windows NT 5.1; Trident/5.0),Segment A,,Firewall
2022-08-25 14:28:44,105.85.98.93,62.211.67.140,16994,27655,,,,,ICMP,729,Abnormal,VoIP,59.8187729472308,Malware,Known Pattern B,Logged,Low,Wendy Buchanan,Opera/8.27.(X11; Linux x86_64; sq-AL) Presto/2.9.172 Version/10.00,Segment C,,Router
2023-10-14 03:39:18,86.205.190.166,148.45.62.125,24694,2610,,,,,TCP,1358,Abnormal,Data,47.9440649511296,None,Known Pattern A,Blocked,Medium,Patricia Mcgrath,Opera/8.16.(X11; Linux x86_64; kk-KZ) Presto/2.9.176 Version/11.00,Segment A,,Server
2024-01-03 16:13:13,110.49.248.179,206.71.72.169,49387,46020,,,,,UDP,1104,Normal,Video,66.2551748891795,Malware,Unknown,Blocked,Medium,Rebecca Riley,Mozilla/5.0 (Windows NT 5.2; sa-IN; rv:1.9.1.20) Gecko/2012-04-06 06:11:25 Firefox/3.8,Segment C,,Firewall
2022-06-06 03:38:25,27.192.40.211,74.36.123.102,57942,35635,,,,,ICMP,870,Abnormal,Data,35.7766837728498,None,Known Pattern B,Blocked,Medium,Miss Destiny Mccann,Mozilla/5.0 (compatible; MSIE 8.0; Windows NT 4.0; Trident/3.0),Segment B,,Router
2024-03-04 05:14:08,189.128.20.198,2.104.213.44,37456,28549,,,,,ICMP,336,Abnormal,VoIP,38.8578229406979,None,Known Pattern B,Blocked,High,Terri Maldonado,Mozilla/5.0 (Macintosh; U; PPC Mac OS X 10_8_4; rv:1.9.3.20) Gecko/2022-09-13 10:14:13 Firefox/3.8,Segment B,,Server
2024-03-12 21:26:24,193.237.195.211,65.71.55.30,28145,14330,,,,,UDP,604,Abnormal,Video,56.3619620605045,None,Known Pattern B,Ignored,Low,John Benitez,"Mozilla/5.0 (iPad; CPU iPad OS 14_2_1 like Mac OS X) AppleWebKit/533.0 (KHTML, like Gecko) FxiOS/17.9s7664.0 Mobile/03L570 Safari/533.0",Segment B,,Router
2021-07-31 08:58:51,45.192.145.189,105.19.95.93,13196,36062,,,,,UDP,528,Abnormal,VoIP,33.479245903858,None,Known Pattern A,Blocked,High,Cory Mitchell,Mozilla/5.0 (compatible; MSIE 7.0; Windows NT 6.2; Trident/3.0),Segment C,,Firewall
2022-01-05 17:27:07,204.54.169.80,180.80.190.27,42937,40105,,,,,TCP,1178,Abnormal,Data,38.1654384564285,Malware,Unknown,Blocked,Low,Jacqueline Simmons,Mozilla/5.0 (compatible; MSIE 8.0; Windows 95; Trident/3.1),Segment B,,Server
2021-07-13 13:36:12,126.18.222.158,183.16.239.39,62653,13907,,,,,UDP,981,Normal,Video,63.7644941905231,DDoS,Known Pattern A,Logged,Medium,Brian Richardson,Opera/8.85.(Windows 95; tcy-IN) Presto/2.9.187 Version/11.00,Segment A,,Server
2023-12-21 06:31:17,34.232.185.70,168.88.36.89,49692,20418,,,,,UDP,635,Normal,VoIP,63.0988157858268,DDoS,Unknown,Ignored,High,Dennis Adams,"Mozilla/5.0 (Macintosh; Intel Mac OS X 10_5_3 rv:6.0; ug-CN) AppleWebKit/534.14.4 (KHTML, like Gecko) Version/4.0.3 Safari/534.14.4",Segment B,,Server
2024-04-01 21:35:12,72.153.68.48,132.11.105.179,7666,28947,,,,,ICMP,430,Normal,Video,41.8053177792115,Malware,Unknown,Ignored,Medium,Kimberly Vance,Mozilla/5.0 (compatible; MSIE 7.0; Windows NT 6.1; Trident/3.0),Segment A,,Server
2022-04-11 21:43:23,70.116.156.63,61.242.216.134,39466,11694,,,,,UDP,41,Normal,Video,64.5301421539928,None,Known Pattern B,Blocked,Medium,Jennifer Gray,"Mozilla/5.0 (Macintosh; U; Intel Mac OS X 10_9_2) AppleWebKit/531.2 (KHTML, like Gecko) Chrome/15.0.847.0 Safari/531.2",Segment A,,Server
2024-03-17 05:57:31,157.248.204.133,92.163.142.68,28233,50362,,,,,ICMP,587,Normal,Data,76.4784075306955,Malware,Known Pattern A,Ignored,Low,Ashley Hicks,"Mozilla/5.0 (iPhone; CPU iPhone OS 7_1_2 like Mac OS X) AppleWebKit/535.1 (KHTML, like Gecko) FxiOS/17.4v6249.0 Mobile/03Z722 Safari/535.1",Segment C,,Server
2024-04-20 23:51:49,42.43.199.15,5.49.122.224,48464,16970,,,,,ICMP,1415,Normal,Video,79.5161525854363,DDoS,Known Pattern A,Logged,Low,Jason Fitzgerald,"Mozilla/5.0 (Linux; Android 2.3.4) AppleWebKit/536.1 (KHTML, like Gecko) Chrome/53.0.838.0 Safari/536.1",Segment C,,Router
2021-11-07 21:01:40,152.122.38.87,198.206.117.24,56994,8275,,,,,TCP,288,Normal,VoIP,44.8147706470201,None,Unknown,Ignored,High,Amy Gomez,"Mozilla/5.0 (Windows CE) AppleWebKit/533.2 (KHTML, like Gecko) Chrome/34.0.874.0 Safari/533.2",Segment B,,Router
2022-04-08 15:41:25,104.232.176.159,166.156.45.152,37022,40888,,,,,TCP,87,Abnormal,VoIP,38.0717981808184,None,Unknown,Blocked,Low,Barry Hernandez,"Mozilla/5.0 (Windows; U; Windows 98) AppleWebKit/532.16.1 (KHTML, like Gecko) Version/5.0.1 Safari/532.16.1",Segment B,,Server
2023-01-05 06:08:52,80.215.27.174,116.237.76.163,58446,53128,,,,,ICMP,820,Abnormal,Video,46.5736111342117,None,Unknown,Blocked,Low,Cheryl Matthews,Opera/8.41.(Windows NT 6.1; am-ET) Presto/2.9.190 Version/10.00,Segment B,,Router
2023-10-12 20:12:39,107.27.9.199,92.91.76.213,10446,41282,,,,,ICMP,236,Normal,Video,70.2336046174664,Malware,Unknown,Ignored,Low,John Taylor,Mozilla/5.0 (Android 6.0; Mobile; rv:14.0) Gecko/14.0 Firefox/14.0,Segment A,,Router
2022-08-23 15:42:45,134.204.17.179,70.203.153.52,17114,26443,,,,,ICMP,912,Normal,Data,31.1486073720921,Malware,Unknown,Logged,High,Amy Choi,Mozilla/5.0 (compatible; MSIE 5.0; Windows NT 4.0; Trident/4.1),Segment B,,Firewall
2022-10-28 05:50:48,160.157.117.219,182.127.218.241,51480,32236,,,,,UDP,409,Normal,Video,65.5778030589715,None,Known Pattern B,Ignored,Low,Cole Davis,"Mozilla/5.0 (Windows NT 5.1) AppleWebKit/532.0 (KHTML, like Gecko) Chrome/19.0.885.0 Safari/532.0",Segment A,,Router
2023-11-14 20:04:22,47.126.101.73,44.233.82.117,44824,27084,,,,,UDP,1332,Abnormal,Video,47.5051406793996,None,Known Pattern A,Logged,Medium,Martin Garcia,"Mozilla/5.0 (iPad; CPU iPad OS 4_2_1 like Mac OS X) AppleWebKit/536.1 (KHTML, like Gecko) FxiOS/12.4c5319.0 Mobile/70C234 Safari/536.1",Segment B,,Router
2024-06-20 14:14:11,117.186.71.210,223.216.92.252,32082,55570,,,,,UDP,480,Abnormal,VoIP,50.8776905284706,DDoS,Known Pattern A,Ignored,High,Jamie Rios,"Mozilla/5.0 (iPad; CPU iPad OS 14_2 like Mac OS X) AppleWebKit/536.0 (KHTML, like Gecko) CriOS/37.0.854.0 Mobile/36I134 Safari/536.0",Segment B,,Server
2024-01-23 16:53:01,116.132.160.93,196.242.69.91,38105,32902,,,,,ICMP,235,Normal,Data,47.9928533766386,DDoS,Known Pattern B,Blocked,High,James Dennis,"Mozilla/5.0 (Windows NT 10.0) AppleWebKit/534.1 (KHTML, like Gecko) Chrome/16.0.876.0 Safari/534.1",Segment B,,Server
2024-05-26 22:23:30,130.189.76.84,213.123.173.191,63914,44141,,,,,UDP,557,Abnormal,VoIP,48.9801709166962,DDoS,Unknown,Blocked,Medium,Robert Hester,"Mozilla/5.0 (iPod; U; CPU iPhone OS 3_3 like Mac OS X; cmn-TW) AppleWebKit/533.6.4 (KHTML, like Gecko) Version/3.0.5 Mobile/8B119 Safari/6533.6.4",Segment C,,Firewall
2023-01-15 20:17:53,145.124.161.66,69.65.183.129,62233,63194,,,,,UDP,876,Normal,Video,56.6930084699566,DDoS,Known Pattern B,Blocked,Medium,Megan Dunlap,Mozilla/5.0 (compatible; MSIE 9.0; Windows 98; Trident/5.0),Segment B,,Firewall
2022-11-20 11:29:27,104.224.181.226,140.60.225.188,26753,61723,,,,,UDP,1128,Abnormal,VoIP,53.9560241931816,None,Unknown,Logged,High,James Crawford,Opera/9.72.(Windows CE; mt-MT) Presto/2.9.182 Version/12.00,Segment C,,Server
2021-10-13 16:12:45,39.130.12.145,72.242.182.217,46363,15032,,,,,TCP,171,Abnormal,VoIP,65.8033878053261,None,Unknown,Blocked,High,John Williams,Opera/9.82.(X11; Linux x86_64; yi-US) Presto/2.9.189 Version/10.00,Segment C,,Router
2021-09-11 04:09:24,79.177.133.33,217.177.150.90,50701,1145,,,,,UDP,377,Normal,VoIP,39.9941907488117,Malware,Unknown,Ignored,Low,Joseph Gonzalez,"Mozilla/5.0 (Macintosh; U; PPC Mac OS X 10_5_2 rv:2.0; ar-ER) AppleWebKit/531.10.6 (KHTML, like Gecko) Version/5.0 Safari/531.10.6",Segment B,,Firewall
2024-04-07 13:30:42,17.91.132.106,201.131.175.210,26568,30166,,,,,ICMP,44,Normal,VoIP,53.6697985470557,DDoS,Known Pattern B,Ignored,High,Bonnie Cardenas,Mozilla/5.0 (Android 6.0.1; Mobile; rv:47.0) Gecko/47.0 Firefox/47.0,Segment B,,Server
2024-06-17 03:25:49,96.33.95.50,132.155.7.252,51155,11051,,,,,ICMP,368,Normal,VoIP,38.2352380476362,None,Known Pattern B,Blocked,High,Charles Beltran MD,Mozilla/5.0 (compatible; MSIE 7.0; Windows NT 5.2; Trident/3.1),Segment C,,Firewall
2024-04-13 21:11:54,105.234.242.132,211.22.36.74,38650,32201,,,,,UDP,790,Normal,Data,34.2132319914088,DDoS,Known Pattern A,Logged,High,Stephanie Silva,Mozilla/5.0 (X11; Linux x86_64; rv:1.9.5.20) Gecko/2015-08-12 01:26:30 Firefox/3.8,Segment C,,Router
2022-01-07 23:50:01,35.52.113.15,203.144.220.125,19644,11209,,,,,ICMP,1487,Abnormal,Video,61.1070887171564,DDoS,Known Pattern B,Logged,Medium,Melissa Williams,Opera/9.77.(Windows NT 4.0; the-NP) Presto/2.9.186 Version/11.00,Segment B,,Firewall
2022-12-20 14:02:49,79.28.57.179,93.35.145.64,43301,26293,,,,,TCP,1281,Normal,Data,68.1035354059914,None,Known Pattern B,Logged,Low,Kyle Phillips,"Mozilla/5.0 (iPod; U; CPU iPhone OS 3_3 like Mac OS X; ne-NP) AppleWebKit/531.5.7 (KHTML, like Gecko) Version/4.0.5 Mobile/8B118 Safari/6531.5.7",Segment C,,Server
2021-08-26 21:11:35,30.229.135.67,168.12.45.245,62260,40843,,,,,TCP,619,Abnormal,Data,47.7135742776375,DDoS,Known Pattern A,Ignored,Low,Leonard Jordan,"Mozilla/5.0 (Macintosh; U; Intel Mac OS X 10_8_0 rv:6.0; pt-PT) AppleWebKit/532.22.5 (KHTML, like Gecko) Version/4.1 Safari/532.22.5",Segment A,,Router
2022-07-19 08:49:02,14.118.8.99,20.221.160.148,40829,5262,,,,,UDP,175,Normal,VoIP,64.2197833209743,Malware,Known Pattern B,Ignored,Low,Laura Brown,Opera/9.29.(X11; Linux i686; unm-US) Presto/2.9.176 Version/10.00,Segment C,,Server
2023-03-15 16:52:14,47.80.196.216,51.0.123.243,47669,2568,,,,,TCP,1488,Normal,VoIP,78.3953918605284,DDoS,Known Pattern A,Ignored,Medium,Sarah Conway,Opera/8.41.(X11; Linux i686; ka-GE) Presto/2.9.164 Version/11.00,Segment A,,Router
2022-05-23 05:59:19,18.77.168.250,107.203.106.217,34683,40882,,,,,TCP,1022,Normal,Video,76.8789766347775,Malware,Unknown,Ignored,Medium,Christopher Galvan,Opera/8.22.(X11; Linux x86_64; hu-HU) Presto/2.9.177 Version/10.00,Segment B,,Router
2022-12-01 22:25:06,81.129.101.240,92.108.235.235,38082,17352,,,,,UDP,250,Normal,Data,33.5482384061159,None,Known Pattern A,Blocked,Low,Nicole Cain,Opera/8.69.(X11; Linux i686; sa-IN) Presto/2.9.171 Version/10.00,Segment C,,Router
2024-04-21 01:13:04,12.74.40.111,94.192.241.128,32390,13250,,,,,UDP,1120,Abnormal,Video,38.7149213482724,None,Known Pattern B,Logged,High,Kyle Mcknight,Opera/8.56.(Windows NT 5.2; ast-ES) Presto/2.9.168 Version/10.00,Segment B,,Firewall
2024-05-27 06:49:27,63.137.23.85,223.232.1.134,12258,3761,,,,,UDP,855,Abnormal,Video,56.4672208678381,Malware,Known Pattern A,Logged,Low,Todd Mayo,"Mozilla/5.0 (iPad; CPU iPad OS 14_2_1 like Mac OS X) AppleWebKit/531.0 (KHTML, like Gecko) FxiOS/12.7t0968.0 Mobile/84L609 Safari/531.0",Segment A,,Firewall
2022-09-14 05:39:58,193.63.227.196,46.180.123.200,64402,45538,,,,,TCP,1390,Normal,Video,74.6124648181782,Malware,Unknown,Blocked,Medium,Natalie Frank,"Mozilla/5.0 (iPod; U; CPU iPhone OS 4_0 like Mac OS X; ts-ZA) AppleWebKit/533.22.2 (KHTML, like Gecko) Version/4.0.5 Mobile/8B119 Safari/6533.22.2",Segment B,,Server
2021-11-07 17:59:35,190.153.89.185,42.119.24.34,40371,46726,,,,,UDP,127,Normal,Data,67.3304973903959,Malware,Unknown,Logged,Low,Darren Mcclain,"Mozilla/5.0 (Windows; U; Windows CE) AppleWebKit/531.12.6 (KHTML, like Gecko) Version/5.1 Safari/531.12.6",Segment C,,Server
2022-11-12 10:19:44,159.200.48.120,20.234.46.36,48078,47229,,,,,UDP,595,Normal,Video,64.8127868674329,None,Unknown,Ignored,High,Jasmine Kelley MD,Opera/9.78.(X11; Linux i686; tcy-IN) Presto/2.9.172 Version/10.00,Segment B,,Router
2021-12-19 09:52:37,175.117.13.138,203.24.198.214,6851,35100,,,,,UDP,1139,Abnormal,Data,62.9680372385312,DDoS,Unknown,Logged,Medium,Amy Townsend,Opera/9.70.(Windows NT 6.0; it-IT) Presto/2.9.174 Version/12.00,Segment B,,Router
2024-01-23 01:13:58,27.63.23.133,9.134.60.145,27232,6451,,,,,ICMP,490,Abnormal,VoIP,57.6670271933498,None,Unknown,Ignored,Low,David Watson,"Mozilla/5.0 (Macintosh; U; PPC Mac OS X 10_7_5) AppleWebKit/532.0 (KHTML, like Gecko) Chrome/62.0.820.0 Safari/532.0",Segment B,,Server
2022-02-11 04:55:09,12.211.89.189,143.236.4.93,37209,10984,,,,,TCP,597,Abnormal,Data,54.8924645191945,Malware,Known Pattern B,Ignored,High,David Gilbert,Opera/9.83.(Windows NT 5.0; nhn-MX) Presto/2.9.176 Version/10.00,Segment B,,Firewall
2023-10-24 21:04:01,133.209.57.221,212.124.170.195,28070,3767,,,,,TCP,571,Normal,Data,76.821356639273,None,Unknown,Blocked,High,Katherine Mcbride,"Mozilla/5.0 (iPhone; CPU iPhone OS 9_3_6 like Mac OS X) AppleWebKit/536.0 (KHTML, like Gecko) FxiOS/9.9j6785.0 Mobile/12T585 Safari/536.0",Segment A,,Router
2024-05-15 08:58:10,70.55.236.255,97.82.111.89,15616,26819,,,,,ICMP,1289,Abnormal,Data,31.4473573556069,None,Known Pattern A,Logged,High,Steven Long,Mozilla/5.0 (Windows CE; yo-NG; rv:1.9.1.20) Gecko/2022-02-03 13:18:37 Firefox/12.0,Segment B,,Firewall
2023-06-24 11:21:22,136.91.228.227,206.146.154.80,10844,53984,,,,,TCP,595,Abnormal,Video,37.3340565381274,None,Known Pattern A,Ignored,High,Sharon Sexton,Mozilla/5.0 (Android 4.0; Mobile; rv:56.0) Gecko/56.0 Firefox/56.0,Segment A,,Firewall
2024-04-15 04:46:58,78.61.9.92,125.191.178.164,8792,8552,,,,,UDP,909,Normal,VoIP,76.339076580258,Malware,Known Pattern A,Logged,Low,Wanda Bryant,"Mozilla/5.0 (Windows CE) AppleWebKit/535.2 (KHTML, like Gecko) Chrome/44.0.870.0 Safari/535.2",Segment C,,Server
2023-06-03 01:50:01,216.47.60.67,64.113.184.0,33854,8981,,,,,UDP,1201,Abnormal,VoIP,67.1838319828265,Malware,Known Pattern A,Ignored,Low,Laura Martinez,"Mozilla/5.0 (iPod; U; CPU iPhone OS 4_0 like Mac OS X; vi-VN) AppleWebKit/531.8.7 (KHTML, like Gecko) Version/3.0.5 Mobile/8B118 Safari/6531.8.7",Segment A,,Firewall
2023-02-25 11:13:44,104.40.137.194,28.3.204.244,13501,34648,,,,,UDP,1489,Normal,Data,77.4822842620142,Malware,Known Pattern A,Logged,Low,Lonnie Johnson,"Mozilla/5.0 (Macintosh; U; Intel Mac OS X 10_8_3 rv:6.0; wo-SN) AppleWebKit/531.4.6 (KHTML, like Gecko) Version/5.0 Safari/531.4.6",Segment C,,Router
2022-09-29 17:06:10,176.68.252.82,118.30.26.17,39405,38009,,,,,TCP,1025,Normal,Data,47.6920561627646,DDoS,Known Pattern A,Logged,High,James Garrett,"Mozilla/5.0 (Linux; Android 4.0.1) AppleWebKit/536.1 (KHTML, like Gecko) Chrome/51.0.866.0 Safari/536.1",Segment C,,Router
2023-11-06 03:19:35,60.255.88.24,148.141.14.181,19585,55578,,,,,TCP,778,Abnormal,Video,76.2651730577983,Malware,Unknown,Blocked,Low,Valerie Lyons,Mozilla/5.0 (Android 3.2.6; Mobile; rv:52.0) Gecko/52.0 Firefox/52.0,Segment A,,Firewall
2023-03-01 16:33:55,120.213.114.67,179.20.40.223,14820,54615,,,,,ICMP,747,Abnormal,VoIP,35.8317213412087,None,Known Pattern B,Logged,Low,Denise Sanders DDS,"Mozilla/5.0 (Windows NT 6.0) AppleWebKit/531.1 (KHTML, like Gecko) Chrome/46.0.899.0 Safari/531.1",Segment A,,Server
2023-12-29 02:59:31,136.104.56.135,197.168.39.192,20212,48119,,,,,ICMP,344,Normal,Data,43.5575430039106,DDoS,Known Pattern B,Logged,Medium,Emma Allen,"Mozilla/5.0 (Macintosh; U; Intel Mac OS X 10_12_0) AppleWebKit/534.0 (KHTML, like Gecko) Chrome/54.0.810.0 Safari/534.0",Segment A,,Firewall
2023-10-06 06:28:19,104.234.24.19,84.133.231.40,48014,40298,,,,,UDP,882,Normal,Data,75.4227562080984,DDoS,Known Pattern A,Blocked,High,Barry King,Mozilla/5.0 (compatible; MSIE 9.0; Windows 95; Trident/3.1),Segment A,,Firewall
2022-01-13 23:03:10,105.130.142.211,24.253.105.206,58505,51181,,,,,ICMP,654,Abnormal,Video,37.8485122123222,Malware,Known Pattern B,Logged,Low,Samantha Roberts,"Mozilla/5.0 (Windows NT 5.0) AppleWebKit/531.2 (KHTML, like Gecko) Chrome/22.0.898.0 Safari/531.2",Segment C,,Server
2021-07-19 21:48:30,208.162.82.227,223.217.212.74,64946,1431,,,,,TCP,1032,Abnormal,Data,61.8953354562608,DDoS,Known Pattern A,Blocked,Medium,David Lloyd,Mozilla/5.0 (compatible; MSIE 6.0; Windows 98; Win 9x 4.90; Trident/4.1),Segment B,,Server
2024-02-11 12:30:13,179.129.91.23,65.242.47.8,5458,1721,,,,,UDP,1308,Abnormal,VoIP,39.5990548118479,None,Known Pattern B,Logged,Low,Suzanne Espinoza,Opera/8.52.(X11; Linux x86_64; uz-UZ) Presto/2.9.183 Version/12.00,Segment A,,Router
2023-12-22 04:05:45,89.235.107.29,51.60.135.114,50575,48011,,,,,ICMP,115,Normal,Data,34.1386596650864,Malware,Unknown,Ignored,High,Michael Lara,"Mozilla/5.0 (Windows; U; Windows 95) AppleWebKit/533.18.6 (KHTML, like Gecko) Version/4.1 Safari/533.18.6",Segment A,,Router
2021-10-13 02:09:09,88.6.38.41,3.42.203.134,40679,58197,,,,,TCP,1116,Normal,Video,43.4327719359384,DDoS,Known Pattern B,Blocked,Medium,Diane Campbell,Opera/8.19.(Windows NT 5.0; the-NP) Presto/2.9.178 Version/12.00,Segment C,,Firewall
2023-05-05 00:31:05,67.244.105.86,23.240.102.251,22376,24354,,,,,TCP,1073,Normal,Data,74.204774711255,DDoS,Known Pattern B,Ignored,Low,Jonathan Martin,"Mozilla/5.0 (Windows NT 6.1) AppleWebKit/532.1 (KHTML, like Gecko) Chrome/57.0.835.0 Safari/532.1",Segment A,,Router
2023-01-13 18:53:50,76.133.166.236,161.148.207.7,21120,50705,,,,,UDP,410,Abnormal,VoIP,77.1494487366402,Malware,Known Pattern B,Logged,High,Scott Garcia,"Mozilla/5.0 (Windows; U; Windows 98) AppleWebKit/532.16.4 (KHTML, like Gecko) Version/4.0 Safari/532.16.4",Segment B,,Firewall
2022-01-17 06:56:14,75.111.229.230,88.37.122.108,30345,31546,,,,,UDP,564,Abnormal,VoIP,66.864764676249,Malware,Unknown,Blocked,Low,Daniel Hays,"Mozilla/5.0 (Macintosh; Intel Mac OS X 10_8_6) AppleWebKit/533.2 (KHTML, like Gecko) Chrome/31.0.886.0 Safari/533.2",Segment A,,Firewall
2022-07-04 21:12:38,27.32.38.188,102.140.56.46,3768,12548,,,,,ICMP,1386,Normal,VoIP,38.7368688228743,Malware,Known Pattern A,Blocked,Medium,Travis Allen,Mozilla/5.0 (compatible; MSIE 5.0; Windows NT 10.0; Trident/3.0),Segment A,,Router
2023-09-12 10:59:26,163.221.21.108,166.251.246.202,30314,25262,,,,,UDP,990,Abnormal,VoIP,75.2530434413803,None,Known Pattern A,Blocked,Low,Taylor Lopez,Mozilla/5.0 (Android 2.1; Mobile; rv:48.0) Gecko/48.0 Firefox/48.0,Segment B,,Router
2021-07-11 18:04:16,137.21.112.247,196.198.146.109,37600,12546,,,,,TCP,427,Abnormal,Data,30.5237231790729,DDoS,Known Pattern B,Logged,Low,Brad Woods,Mozilla/5.0 (compatible; MSIE 8.0; Windows NT 10.0; Trident/5.1),Segment A,,Server
2023-09-08 11:27:04,97.211.132.54,189.123.53.69,12951,56145,,,,,TCP,582,Abnormal,Data,38.0126991276742,Malware,Unknown,Logged,High,Jonathan Jones,Opera/9.66.(X11; Linux x86_64; ja-JP) Presto/2.9.181 Version/10.00,Segment B,,Firewall
2024-04-29 11:54:29,206.101.71.63,165.124.150.19,37953,62346,,,,,ICMP,134,Abnormal,Data,42.1557053180483,DDoS,Known Pattern A,Ignored,High,Christian Wheeler,Opera/8.74.(X11; Linux x86_64; sa-IN) Presto/2.9.163 Version/11.00,Segment A,,Firewall
2022-04-06 04:03:14,106.97.89.241,74.231.202.198,61017,54517,,,,,UDP,1235,Normal,Data,44.6074294404777,DDoS,Known Pattern A,Logged,High,Kevin Rodriguez,"Mozilla/5.0 (iPod; U; CPU iPhone OS 4_1 like Mac OS X; tg-TJ) AppleWebKit/532.4.7 (KHTML, like Gecko) Version/4.0.5 Mobile/8B114 Safari/6532.4.7",Segment B,,Server
2023-11-07 06:27:46,112.183.43.108,10.246.212.234,37614,33746,,,,,ICMP,320,Normal,Data,33.2417796609796,Malware,Known Pattern B,Logged,Medium,Amy Delacruz,"Mozilla/5.0 (X11; Linux x86_64) AppleWebKit/533.1 (KHTML, like Gecko) Chrome/41.0.888.0 Safari/533.1",Segment B,,Firewall
2022-02-01 00:10:01,55.136.43.182,158.173.234.162,10706,40349,,,,,UDP,1434,Abnormal,Video,49.7523448488984,DDoS,Unknown,Blocked,High,Michael Gutierrez,"Mozilla/5.0 (X11; Linux i686) AppleWebKit/535.0 (KHTML, like Gecko) Chrome/41.0.830.0 Safari/535.0",Segment A,,Server
2023-08-09 02:52:25,3.143.78.0,36.24.124.114,25213,41294,,,,,TCP,319,Abnormal,Data,48.7773466359883,None,Known Pattern B,Ignored,Medium,Matthew Kramer,"Mozilla/5.0 (iPod; U; CPU iPhone OS 4_1 like Mac OS X; uk-UA) AppleWebKit/532.41.1 (KHTML, like Gecko) Version/4.0.5 Mobile/8B118 Safari/6532.41.1",Segment C,,Firewall